<!DOCTYPE suite SYSTEM "http://testng.org/testng-1.0.dtd" >  
<suite name="MySuite" verbose="1" parallel="tests" thread-count="2">

  <test name="Android1">
  	<parameter name="sysPort" value="8201"/>
    <parameter name="udid" value="emulator-5554"/>
    <parameter name="platformVersion" value="8.0"/>
    <parameter name="port" value="4723"/>
    <classes>
       <class name="com.training.AppiumSample.CalcTest"/>
    </classes>
  </test>
  
  <test name="Android2">
  	<parameter name="sysPort" value="8202"/>
    <parameter name="udid" value="emulator-5556"/>
    <parameter name="platformVersion" value="9.0"/>
    <parameter name="port" value="4725"/>
    <classes>
       <class name="com.training.AppiumSample.CalcTest"/>
    </classes>
  </test>
  
  <!--test name="iOS">
  	<parameter name="wdaLocalPort" value="8100"/>
    <parameter name="udid" value="D51C0593-71F9-48C2-ADEF-98EC843AAC1D"/>
    <parameter name="platformVersion" value="12.2"/>
    <classes>
       <class name="com.training.AppiumSample.IOSTest"/>
    </classes>
  </test-->
</suite>